{
  "Header": {
    "title": "Geomatics WIP Site",
    "paragraph": "Lorem ipsum dolor sit amet, consectetur adipiscing elit. Duis sed dapibus leo nec ornare diam sed commodo nibh ante facilisis bibendum."
  },
  "About": {
    "paragraph": "Our mission is to leverage cutting-edge technology and geospatial intelligence to enhance the capabilities of the US Army Corps of Engineers. We provide robust GIS solutions, efficient data management, and advanced web applications that empower decision-makers and support critical missions. We aim to continuously innovate, adapt to emerging technologies, and contribute significantly to the success of the US Army Corps of Engineers.",
    
    "Why": [
      "To drive excellence in GIS, data management, and web application development",
      "To leverage cutting-edge technology and geospatial intelligence",
      "To provide robust GIS solutions, efficient data management, and advanced web applications empowering decision-makers"
    ],
    "Why2": [
      "To continuously innovate and adapt to emerging technologies",
      "To contribute significantly to the success of the US Army Corps of Engineers",
      "To bring a wealth of experience and a collaborative spirit to every project"
    ]
},
  "Contact": {
    "address": "ATT: EN-DG | 701 San Marco Blvd Jacksonville, FL 32207 ",
    "phone": "+1 123 456 1234",
    "email": "@usace.army.mil",
    "facebook": "https://www.facebook.com/JacksonvilleDistrict/",
    "twitter": "https://x.com/jaxstrong",
    "youtube": "https://www.youtube.com/@JaxStrong",
    "linkedin": "https://www.linkedin.com/company/u-s-army-corps-of-engineers-jacksonville-district/"
  }
}
