{
    "Services": [
        {
          "name": "HQ Geospatial Engineering Cop Site",
          "link": "https://usace.dps.mil/sites/KMP-GS"
        }, 
        {
          "name": "UOC Common Operating Picture",
          "link": "https://arcportal-ucop-corps.usace.army.mil/s0portal/home/"
        },
        {
          "name": "Florida Hydrologic Unit Code Basins Viewer",
          "link": "https://geodata.dep.state.fl.us/datasets/FDEP::florida-hydrologic-unit-code-huc-basins-areas/explore?location=28.023093%2C-83.755400%2C6.51"
        }
      ]
}