{
  "Training": [
    {
      "category": "pdfs",
      "title": "Overview of Geomatics Section",
      "link": "../training/Geomatics_QMS_Chief_update.pdf"
    },
    {
      "category": "pdfs",
      "title": "Data Management Best Practices",
      "link": "../training/DB_Overview_SAJ_ForInternalUseV2.1.17.2023.pdf"
    },
    {
      "category": "videos",
      "title": "Introduction to Geomatics",
      "link": "../training/17 Geomatics Section (EN-DG) 2023-04-12.mp4"
    }
  ]
}